Name,Grade
Jack,3
Dennis,5
Kate,10
Nancy,9
Peter,1
Zack,2
Alex,4
Yvonne,10
Violet,1
Claire,2
John,6
Emily,8
Michael,4
Sophia,7
William,3
Olivia,9
Benjamin,2
Emma,5
James,1
Ella,10
Lucas,3
Ava,8
Matthew,6
Isabella,9
Daniel,4
Mia,7
David,5
Charlotte,10
Henry,2
Amelia,1
Liam,6
Harper,8
Alexander,4
Evelyn,7
Sebastian,3
Abigail,9
Jackson,5
Sofia,10
Samuel,2
Avery,1
Ethan,6
Elizabeth,8
Joseph,4
Penelope,7
Logan,3
Grace,9
Ryan,5
Chloe,10
Gabriel,2
Lily,1
Carter,6
Madison,8
Owen,4
Scarlett,7
Wyatt,3
Zoe,9
Johnathan,5
Aria,10
Nathan,2
Layla,1
Luke,6
Ellie,8
Isaac,4
Victoria,7
Dylan,5
Natalie,10
Caleb,3
Hannah,9
Anthony,2
Stella,1
Julian,6
Leah,8
Christopher,4
Lillian,7
Andrew,5
Addison,10
Joshua,3
Brooklyn,9
Grayson,2
Samantha,1
Nolan,6
Zoe,8
Colton,4
Grace,7
Elijah,5
Hazel,10
Nicholas,3
Audrey,9
Lincoln,2
Bella,1
Jordan,6
Skylar,8
Dominic,4
Aaliyah,7
Isaiah,5
Nova,10
Eli,3
Vivian,9
Brayden,2
Claire,1
Tyler,6
Lucy,8
Max,4
Stella,7
Evan,5
Avery,10
Austin,3
Elena,9
Parker,2
Aurora,1
